First Name,Last Name,Team Name,Position,Height (in),Weight (lbs),Jersey Number,,,,,,,,
Jaylen,Adams ,Atlanta Hawks ,Guard,74,190,10,,,,,,,Height Reference Lookup,Column1
Steven,Adams ,Oklahoma City Thunder ,Center,86,265,12,,,,,,,5'1,61
Bam,Adebayo,Miami Heat,Center-Forward,82,255,13,,,,,,,5'2,62
Deng,Adel,Cleveland Cavaliers,Forward,79,200,32,,,,,,,5'3,63
LaMarcus,Aldridge,San Antonio Spurs,Center-Forward,83,260,12,,,,,,,5'4,64
Rawle,Alkins,Chicago Bulls,Guard,77,225,20,,,,,,,5'5,65
Grayson,Allen,Utah Jazz,Guard,77,198,24,,,,,,,5'6,66
Jarrett,Allen,Brooklyn Nets,Center,83,237,31,,,,,,,5'7,67
Kadeem,Allen,New York Knicks,Guard,75,200,0,,,,,,,5'8,68
Al-Farouq,Aminu,Portland Trailblazers,Forward,81,220,8,,,,,,,5'9,69
Justin,Anderson,Atlanta Hawks ,Guard-Forward,78,230,1,,,,,,,5'10,70
Kyle,Anderson,Memphis Grizzlies,Forward,81,230,1,,,,,,,5'11,71
Ryan ,Anderson,Miami Heat,Forward,82,240,31,,,,,,,6'0,72
Giannis,Antetokounmpo,Milwaukee Bucks,Forward,83,242,34,,,,,,,6'1,73
Kostas,Antetokounmpo,Dallas Mavericks,Forward,82,200,37,,,,,,,6'2,74
OG,Anunoby,Toronto Raptors,Forward,80,232,3,,,,,,,6'3,75
Ryan ,Arcidiacono,Chicago Bulls,Guard,75,200,51,,,,,,,6'4,76
Trevor,Ariza,Washington Wizards,Forward,80,215,1,,,,,,,6'5,77
DJ,Augustin,Orlando Magic,Guard,72,183,14,,,,,,,6'6,78
Deandre,Ayton,Phoenix Suns,Center,85,250,22,,,,,,,6'7,79
Dwayne,Bacon,Charlotte Hornets,Guard-Forward,79,221,7,,,,,,,6'8,80
Marvin,Bagley III,Sacramento Kings,Forward,83,234,35,,,,,,,6'9,81
Lonzo,Ball,Los Angeles Lakers,Guard,78,190,2,,,,,,,6'10,82
Mo,Bamba,Orlando Magic,Center,84,221,5,,,,,,,6'11,83
JJ,Barea,Dallas Mavericks,Guard,72,185,5,,,,,,,7'0,84
Harrison,Barnes,Sacramento Kings,Forward,80,225,40,,,,,,,7'1,85
Will,Barton,Denver Nuggets,Guard,78,190,5,,,,,,,7'2,86
Keita,Bates-Diop,Minnesota Timberwolves,Forward,81,229,31,,,,,,,7'3,87
Nicolas,Batum,Charlotte Hornets,Forward-Guard,80,200,8,,,,,,,7'4,88
Jerryd,Bayless,Minnesota Timberwolves,Guard,75,200,8,,,,,,,7'5,89
Aron,Baynes,Boston Celtics,Center-Forward,82,260,46,,,,,,,7'6,90
Kent,Bazemore,Atlanta Hawks ,Guard,77,201,24,,,,,,,7'7,91
Bradley,Beal,Washington Wizards,Guard,77,207,3,,,,,,,7'8,92
Malik,Beasley,Denver Nuggets,Guard,77,195,25,,,,,,,7'9,93
Marco,Belinelli,San Antonio Spurs,Guard-Forward,77,210,18,,,,,,,7'10,94
Jordan,Bell,Golden State Warriors,Forward,81,224,2,,,,,,,7'11,95
DeAndre',Bembry,Atlanta Hawks ,Forward,78,210,95,,,,,,,,
Dragan,Bender,Phoenix Suns,Forward,85,225,35,,,,,,,,
Dairis,Bertens,New Orleans Pelicans,Guard,76,200,9,,,,,,,,
Davis,Bertens,San Antonio Spurs,Forward,82,225,42,,,,,,,,
Patrick,Beverly,Los Angeles Clippers,Guard,73,185,21,,,,,,,,
Khem,Birch,Orlando Magic,Center,81,233,24,,,,,,,,
Bismack,Biyombo,Charlotte Hornets,Center,81,255,8,,,,,,,,
Nemanja,Bjelica,Sacramento Kings,Forward,82,234,88,,,,,,,,
Antonio,Blakeney,Chicago Bulls,Guard,76,192,9,,,,,,,,
Eric,Bledsoe,Milwaukee Bucks,Guard,73,205,6,,,,,,,,
Jaron,Blossomgame,Cleveland Cavaliers,Forward,80,220,4,,,,,,,,
Trevon,Bluiett,New Orleans Pelicans,Guard-Forward,78,198,5,,,,,,,,
Bogdan,Bogdanovic,Sacramento Kings,Guard,78,205,8,,,,,,,,
Bojan,Bogdanovic,Indiana Pacers,Forward,80,216,44,,,,,,,,
Andrew,Bogut,Golden State Warriors,Center,84,260,12,,,,,,,,
Jonah,Bolden,Philidelphia 76ers,Forward,82,220,43,,,,,,,,
Isaac,Bonga,Los Angeles Lakers,Guard,80,180,17,,,,,,,,
Devin,Booker,Phoenix Suns,Guard,78,210,1,,,,,,,,
Chris,Boucher,Toronto Raptors,Forward,82,200,25,,,,,,,,
Avery,Bradley,Memphis Grizzlies,Guard,74,180,0,,,,,,,,
Tony,Bradley,Utah Jazz,Center,82,248,13,,,,,,,,
Corey,Brewer,Sacramento Kings,Guard-Forward,81,186,33,,,,,,,,
Mikal,Bridges,Phoenix Suns,Forward,79,210,25,,,,,,,,
Miles,Bridges,Charlotte Hornets,Forward,79,225,0,,,,,,,,
Ryan ,Broekhoff,Dallas Mavericks,Guard-Forward,79,215,45,,,,,,,,
Malcolm,Brogdon,Milwaukee Bucks,Guard,77,229,13,,,,,,,,
Dillon,Brooks,Memphis Grizzlies,Guard-Forward,78,220,24,,,,,,,,
Troy,Brown Jr.,Washington Wizards,Forward,79,215,6,,,,,,,,
Bruce,Brown,Detroit Pistons,Guard,77,202,6,,,,,,,,
Jaylen,Brown,Boston Celtics,Guard,79,220,7,,,,,,,,
Sterling,Brown,Milwaukee Bucks,Guard,78,232,23,,,,,,,,
Jalen,Brunson,Dallas Mavericks,Guard,75,190,13,,,,,,,,
Thomas,Bryant,Washington Wizards,Center,83,248,13,,,,,,,,
Reggie,Bullock,Los Angeles Lakers,Guard-Forward,79,205,32,,,,,,,,
Trey,Burke,Dallas Mavericks,Guard,73,175,23,,,,,,,,
Alec,Burks,Sacramento Kings,Guard,78,214,13,,,,,,,,
Deonte,Burton,Oklahoma City Thunder ,Guard,77,240,35,,,,,,,,
Jimmy,Butler,Philidelphia 76ers,Guard-Forward,80,232,23,,,,,,,,
Bruno,Caboclo,Memphis Grizzlies,Forward,81,218,5,,,,,,,,
Jose,Calderon,Detroit Pistons,Guard,75,200,81,,,,,,,,
Kentavious,Caldwell-Pope,Los Angeles Lakers,Guard,77,205,1,,,,,,,,
Clint,Capela,Houston Rockets,Center,82,240,15,,,,,,,,
DeMarre,Carroll,Brooklyn Nets,Forward,80,215,9,,,,,,,,
Jevon,Carter,Memphis Grizzlies,Guard,74,196,3,,,,,,,,
Vince ,Carter,Atlanta Hawks ,Forward-Guard,78,220,15,,,,,,,,
Wendell,Carter Jr.,Chicago Bulls,Center,82,255,34,,,,,,,,
Michael,Carter-Williams,Orlando Magic,Guard,78,190,7,,,,,,,,
Alex,Caruso,Los Angeles Lakers,Guard,77,186,4,,,,,,,,
Willie,Cauley-Stein,Sacramento Kings,Center,84,240,0,,,,,,,,
Troy,Caupain,Orlando Magic,Guard,76,210,3,,,,,,,,
Tyler,Cavanaugh,Utah Jazz,Forward,81,238,34,,,,,,,,
Tyson,Chandler,Los Angeles Lakers,Center,85,240,5,,,,,,,,
Wilson,Chandler,Los Angeles Clippers,Forward,81,225,22,,,,,,,,
Joe,Chealey,Charlotte Hornets,Guard,75,190,31,,,,,,,,
Chris,Chiozza,Houston Rockets,Guard,72,175,2,,,,,,,,
Marquese,Chriss,Cleveland Cavaliers,Forward,82,240,3,,,,,,,,
Gary,Clark,Houston Rockets,Forward,80,225,6,,,,,,,,
Ian,Clark,New Orleans Pelicans,Guard,75,175,2,,,,,,,,
Jordan,Clarkson,Cleveland Cavaliers,Guard,77,194,8,,,,,,,,
John,Collins,Atlanta Hawks ,Forward-Center,82,235,20,,,,,,,,
Zach,Collins,Portland Trailblazers,Forward-Center,83,235,33,,,,,,,,
Darren,Collison,Indiana Pacers,Guard,72,175,2,,,,,,,,
Bonzie,Colson,Milwaukee Bucks,Forward,78,225,50,,,,,,,,
Mike,Conley,Memphis Grizzlies,Guard,73,175,11,,,,,,,,
Pat ,Connaughton,Milwaukee Bucks,Guard,76,209,24,,,,,,,,
Quinn,Cook,Golden State Warriors,Guard,74,19,4,,,,,,,,
Demarcus,Cousins,Golden State Warriors,Forward-Center,83,270,0,,,,,,,,
Robert,Covington,Minnesota Timberwolves,Forward,81,225,33,,,,,,,,
Allen,Crabbe,Brooklyn Nets,Forward,78,212,33,,,,,,,,
Torrey,Craig,Denver Nuggets,Forward,77,215,3,,,,,,,,
Jamal,Crawford,Phoenix Suns,Guard,75,185,11,,,,,,,,
Mitchell,Creek,Minnesota Timberwolves,Forward-Guard,76,225,55,,,,,,,,
Jae,Crowder,Utah Jazz,Forward,76,235,99,,,,,,,,
Dante,Cunningham,San Antonio Spurs,Forward,78,230,33,,,,,,,,
Seth,Curry,Portland Trailblazers,Guard,72,185,31,,,,,,,,
Stephen,Curry,Golden State Warriors,Guard,75,190,30,,,,,,,,
Troy,Daniels,Phoenix Suns,Guard,76,205,30,,,,,,,,
Anthony,Davis,New Orleans Pelicans,Forward-Center,82,253,23,,,,,,,,
Deyonta,Davis,Atlanta Hawks ,Center-Forward,83,237,4,,,,,,,,
Ed,Davis,Brooklyn Nets,Center,82,225,17,,,,,,,,
Demar,Derozan,San Antonio Spurs,Guard,79,220,10,,,,,,,,
Dewayne,Dedmon,Atlanta Hawks ,Center,84,245,14,,,,,,,,
Sam,Dekker,Washington Wizards,Forward,81,230,8,,,,,,,,
Angel,Delgado,Los Angeles Clippers,Center,82,245,31,,,,,,,,
Matthew,Dellavadova,Cleveland Cavaliers,Guard,76,200,18,,,,,,,,
Luol,Deng,Minnesota Timberwolves,Forward,81,237,9,,,,,,,,
Marcus,Derrickson,Golden State Warriors,Forward,78,249,32,,,,,,,,
Donte,DiVincenzo,Milwaukee Bucks,Guard,76,203,9,,,,,,,,
Chieck,Diallo,New Orleans Pelicans,Forward,81,220,13,,,,,,,,
Hamidou,Diallo,Oklahoma City Thunder ,Guard,77,198,6,,,,,,,,
Gorgui,Dieng,Minnesota Timberwolves,Forward,83,252,5,,,,,,,,
Spencer,Dinwiddie,Brooklyn Nets,Guard,78,210,8,,,,,,,,
Luka,Doncic,Dallas Mavericks,Forward-Guard,79,218,77,,,,,,,,
Tyler,Dorsey,Memphis Grizzlies,Guard,77,183,22,,,,,,,,
Damyean,Dotson,New York Knicks,Guard,78,210,21,,,,,,,,
PJ,Dozier,Boston Celtics,Guard-Forward,78,205,50,,,,,,,,
Goran,Dragic,Miami Heat,Guard,75,190,7,,,,,,,,
Andre ,Drummond,Detroit Pistons,Center,83,279,0,,,,,,,,
Jared,Dudley,Brooklyn Nets,Forward,79,237,6,,,,,,,,
Kris,Dunn,Chicago Bulls,Guard,76,205,32,,,,,,,,
Kevin,Durant,Golden State Warriors,Forward,81,240,35,,,,,,,,
Trevon,Duval,Houston Rockets,Guard,74,189,0,,,,,,,,
Vincent,Edwards,Houston Rockets,Forward,80,225,12,,,,,,,,
Henry,Ellenson,New York Knicks,Forward,82,245,13,,,,,,,,
Wayne,Ellington,Detroit Pistons,Guard,77,200,20,,,,,,,,
Joel,Embiid,Philidelphia 76ers,Center,84,250,21,,,,,,,,
James,Ennis III,Philidelphia 76ers,Forward,79,210,11,,,,,,,,
Drew,Eubanks,San Antonio Spurs,Forward,82,245,14,,,,,,,,
Jacob,Evans,Golden State Warriors,Guard,78,210,10,,,,,,,,
Jawun,Evans,Oklahoma City Thunder ,Guard,72,190,8,,,,,,,,
Dante,Exum,Utah Jazz,Guard,78,190,11,,,,,,,,
Kenneth,Faried,Houston Rockets,Forward-Center,80,220,35,,,,,,,,
Derrick,Favors,Utah Jazz,Forward,82,265,15,,,,,,,,
Cristiano,Felicio,Chicago Bulls,Forward-Center,82,265,6,,,,,,,,
Raymond,Felton,Oklahoma City Thunder ,Guard,73,205,2,,,,,,,,
Terrance,Ferguson,Oklahoma City Thunder ,Guard,79,190,23,,,,,,,,
Yogi,Ferrell,Sacramento Kings,Guard,72,180,3,,,,,,,,
Dorian,Finney-Smith,Dallas Mavericks,Forward,80,220,10,,,,,,,,
Bryn,Forbes,San Antonio Spurs,Guard,75,190,11,,,,,,,,
Evan,Fournier,Orlando Magic,Guard-Forward,79,205,10,,,,,,,,
De'Aaron,Fox,Sacramento Kings,Guard,75,175,5,,,,,,,,
Michael,Frazier,Houston Rockets,Guard,76,200,21,,,,,,,,
Tim,Frazier,Milwaukee Bucks,Guard,73,170,12,,,,,,,,
Melvin,Frazier Jr.,Orlando Magic,Guard-Forward,78,200,35,,,,,,,,
Jimmer,Fredette,Phoenix Suns,Guard,74,195,32,,,,,,,,
Markelle,Fultz,Orlando Magic,Guard,76,200,20,,,,,,,,
Wenyen,Gabriel,Sacramento Kings,Forward,81,205,32,,,,,,,,
Danilo,Gallinari,Los Angeles Clippers,Forward,82,225,8,,,,,,,,
Langston,Galloway,Detroit Pistons,Guard,74,200,9,,,,,,,,
Billy,Garrett,New York Knicks,Guard-Forward,78,215,3,,,,,,,,
Marc,Gasol,Toronto Raptors,Center,85,255,33,,,,,,,,
Pau,Gasol,Milwaukee Bucks,Center-Forward,84,250,17,,,,,,,,
Rudy,Gay,San Antonio Spurs,Forward,80,230,22,,,,,,,,
Paul,George,Oklahoma City Thunder ,Forward,81,220,13,,,,,,,,
Jonathan,Gibson,Boston Celtics,Guard,74,185,3,,,,,,,,
Taj,Gibson,Minnesota Timberwolves,Forward,81,232,67,,,,,,,,
Harry,Giles III,Sacramento Kings,Forward-Center,82,240,20,,,,,,,,
Shai,Gilgeous-Alexander,Los Angeles Clippers,Guard,78,181,2,,,,,,,,
Rudy,Gobert,Utah Jazz,Center,85,245,27,,,,,,,,
Brandon,Goodwin,Denver Nuggets,Guard,74,180,6,,,,,,,,
Aaron,Gordon,Orlando Magic,Forward,81,220,0,,,,,,,,
Eric,Gordon,Houston Rockets,Guard,76,215,10,,,,,,,,
Devonte',Graham,Charlotte Hornets,Guard,74,185,4,,,,,,,,
Treveon,Graham,Brooklyn Nets,Forward,77,225,21,,,,,,,,
Jerami,Grant,Oklahoma City Thunder ,Forward,81,220,9,,,,,,,,
Jerian,Grant,Orlando Magic,Guard,76,205,22,,,,,,,,
Donte,Grantham,Oklahoma City Thunder ,Forward,80,215,15,,,,,,,,
Danny,Green,Toronto Raptors,Guard-Forward,78,215,14,,,,,,,,
Draymond,Green,Golden State Warriors,Forward-Center,79,230,23,,,,,,,,
Gerald,Green,Houston Rockets,Guard-Forward,79,205,14,,,,,,,,
JaMychal,Green,Los Angeles Clippers,Forward,81,227,4,,,,,,,,
Jeff,Green,Washington Wizards,Forward,81,235,32,,,,,,,,
Blake,Griffin,Detroit Pistons,Forward,82,250,23,,,,,,,,
Tim,Hardaway Jr.,Dallas Mavericks,Guard-Forward,78,205,11,,,,,,,,
James,Harden,Houston Rockets,Guard,77,220,13,,,,,,,,
Maurice,Harkless,Portland Trailblazers,Forward,81,220,4,,,,,,,,
Montrezl,Harrell,Los Angeles Clippers,Forward,80,240,5,,,,,,,,
Devin,Harris,Dallas Mavericks,Guard,75,185,34,,,,,,,,
Gary,Harris,Denver,Guard,76,210,14,,,,,,,,
Joe,Harris,Brooklyn Nets,Forward-Guard,78,218,12,,,,,,,,
Tobias,Harris,Philidelphia 76ers,Forward,81,235,33,,,,,,,,
Shaquille,Harrison,Chicago Bulls,Guard,76,190,3,,,,,,,,
Isaiah,Hartenstein,Houston Rockets,Forward-Center,84,249,55,,,,,,,,
Josh,Hart,Los Angeles Lakers,Guard,77,215,3,,,,,,,,
Udonis,Haslem,Miami Heat,Forward,80,215,40,,,,,,,,
Gordon,Hayward,Boston Celtics,Forward,80,225,20,,,,,,,,
John ,Henson,Cleveland Cavaliers,Forward,83,219,31,,,,,,,,
Juancho,Hernangomez,Denver Nuggets,Forward,80,230,41,,,,,,,,
Willy,Hernangomez,Charlotte Hornets,Center,83,240,41,,,,,,,,
Mario,Hezonja,New York Knicks,Forward,80,225,8,,,,,,,,
Isaiah,Hicks,New York Knicks,Forward,81,230,4,,,,,,,,
Buddy,Hield,Sacramento Kings,Guard,76,214,24,,,,,,,,
Haywood,Highsmith,Philidelphia 76ers,Forward,79,220,7,,,,,,,,
George,Hill,Milwaukee Bucks,Guard,75,188,3,,,,,,,,
Solomon,Hill,New Orleans Pelicans,Forward,79,225,44,,,,,,,,
Aaron,Holiday,Indiana Pacers,Guard,73,185,3,,,,,,,,
Jrue,Holiday,New Orleans Pelicans,Guard,76,205,11,,,,,,,,
Justin,Holiday,Chicago Bulls,Forward-Guard,78,181,7,,,,,,,,
Rondae,Hollis-Jefferson,Brooklyn Nets,Forward,79,217,24,,,,,,,,
Richaun,Holmes,Phoenix Suns,Forward-Center,82,235,21,,,,,,,,
Rodney,Hood,Portland Trailblazers,Guard,80,206,5,,,,,,,,
Al,Horford,Boston Celtics,Center-Forward,82,245,42,,,,,,,,
Danuel,House Jr.,Houston Rockets ,Forward-Guard,79,220,4,,,,,,,,
Dwight,Howard,Washington Wizards,Center,83,265,21,,,,,,,,
Kevin,Huerter,Atlanta Hawks ,Guard,79,190,3,,,,,,,,
Isaac ,Humphries,Atlanta Hawks ,Center,84,260,8,,,,,,,,
RJ,Hunter,Boston Celtics,Guard,77,185,28,,,,,,,,
Chandler,Hutchison,Chicago Bulls,Forward,79,197,15,,,,,,,,
Serge,Ibaka,Toronto Raptors,Forward,82,235,9,,,,,,,,
Andre,Iguodala,Golden State Warriors,Forward,78,215,9,,,,,,,,
Ersan,Ilyasova,Milwaukee Bucks,Forward,82,235,77,,,,,,,,
Joe,Ingles,Utah Jazz,Forward,80,226,2,,,,,,,,
Brandon,Ingram,Los Angeles Lakers,Forward,81,190,14,,,,,,,,
Kyrie,Irving,Boston Celtics,Guard,75,193,11,,,,,,,,
Jonathan,Isaac,Orlando Magic,Forward,82,210,1,,,,,,,,
Wes,Iwundu,Orlando Magic,Forward,79,195,25,,,,,,,,
Jaren,Jackson Jr.,Memphis Grizzlies,Forward-Center,83,242,13,,,,,,,,
Frank,Jackson   ,New Orleans Pelicans,Guard,75,205,15,,,,,,,,
Josh,Jackson   ,Phoenix Suns,Forward,80,200,20,,,,,,,,
Justin,Jackson   ,Dallas Mavericks,Forward,80,210,44,,,,,,,,
Reggie,Jackson   ,Detroit Pistons,Guard,75,208,1,,,,,,,,
LeBron,James,Los Angeles Lakers,Forward,80,250,23,,,,,,,,
Amile ,Jefferson,Orlando Magic,Forward,81,222,11,,,,,,,,
John,Jenkins,New York Knicks,Guard,76,215,30,,,,,,,,
Jonas,Jerebko,Golden State Warriors,Forward,82,231,21,,,,,,,,
Alize,Johnson,Indiana Pacers,Forward,80,212,24,,,,,,,,
Amir,Johnson,Philidelphia 76ers,Center-Forward,81,240,5,,,,,,,,
BJ,Johnson,Sacramento Kings,Forward,78,200,9,,,,,,,,
James,Johnson,Miami Heat,Forward,80,240,16,,,,,,,,
Stanley,Johnson,New Orleans Pelicans,Forward,79,245,3,,,,,,,,
Tyler,Johnson,Phoenix Suns,Guard,76,190,16,,,,,,,,
Wesley,Johnson,Washington Wizards,Forward-Guard,79,215,4,,,,,,,,
Nikola,Jokic,Denver Nuggets,Center,84,250,15,,,,,,,,
Derrick,Jones Jr.,Miami Heat,Forward-Guard,79,200,5,,,,,,,,
Damian,Jones  ,Golden State Warriors,Center,84,245,15,,,,,,,,
Jemerrio,Jones  ,Los Angeles Lakers,Forward,77,174,10,,,,,,,,
Tyus,Jones  ,Minnesota Timberwolves,Guard,74,196,1,,,,,,,,
Deandre,Jordan,New York Knicks,Center,83,265,6,,,,,,,,
Cory,Joseph,Indiana Pacers,Guard,75,193,6,,,,,,,,
Frank,Kaminsky,Charlotte Hornets,Forward-Center,84,242,44,,,,,,,,
Enes,Kanter,Portland Trailblazers,Center,83,250,0,,,,,,,,
Luke,Kennard,Detroit Pistons,Forward,77,206,5,,,,,,,,
Michael,Kidd-Gilchrist,Charlotte Hornets,Forward,79,232,14,,,,,,,,
George,King,Phoenix Suns,Forward,78,220,8,,,,,,,,
Maxi,Kleber,Dallas Mavericks,Forward,83,240,42,,,,,,,,
Brandon,Knight,Cleveland Cavaliers,Guard,75,195,20,,,,,,,,
Kevin,Knox,New York Knicks,Forward,81,215,20,,,,,,,,
Furkan,Korkmaz,Philidelphia 76ers,Guard-Forward,79,190,30,,,,,,,,
Luke,Kornet,New York Knicks,Forward-Center,85,250,2,,,,,,,,
Kyle,Korver,Utah Jazz,Guard-Forward,79,212,26,,,,,,,,
Kostas,Koufos,Sacramento Kings,Center,84,245,41,,,,,,,,
Rodions,Kurucs,Brooklyn Nets,Forward,87,210,0,,,,,,,,
Kyle,Kuzma,Los Angeles Lakers,Forward,81,220,0,,,,,,,,
Skal,Labissiere,Portland Trailblazers,Forward,83,235,17,,,,,,,,
Jeremy,Lamb,Charlotte Hornets,Guard,77,185,3,,,,,,,,
Zach,Lavine,Chicago Bulls,Guard,77,200,8,,,,,,,,
Jake,Layman,Portland Trailblazers,Forward,81,215,10,,,,,,,,
TJ,Leaf,Indiana Pacers,Forward,82,225,22,,,,,,,,
Courtney,Lee,Dallas Mavericks,Guard,83,215,1,,,,,,,,
Damion,Lee,Golden State Warriors,Guard,78,210,1,,,,,,,,
Walter,Lemon Jr.,Chicago Bulls,Guard,75,180,25,,,,,,,,
Alex,Len,Atlanta Hawks ,Center,85,250,2,,,,,,,,
Meyers,Leonard,Portland Trailblazers,Forward-Center,85,255,11,,,,,,,,
Jon,Leuer,Detroit Pistons,Forward,82,228,30,,,,,,,,
Caris,LeVert,Brooklyn Nets,Guard,79,204,22,,,,,,,,
Damian,Lillard,Portland Trailblazers,Guard,75,195,0,,,,,,,,
Jeremy,Lin,Toronto Raptors,Guard,75,200,17,,,,,,,,
Shaun,Livingston,Golden State Warriors,Guard,79,192,34,,,,,,,,
Kevon,Looney,Golden State Warriors,Center-Forward,81,220,5,,,,,,,,
Brook,Lopez,Milwaukee Bucks,Center,84,270,11,,,,,,,,
Robin,Lopez,Chicago Bulls,Center,84,275,42,,,,,,,,
Kevin,Love,Cleveland Cavaliers,Forward-Center,82,251,0,,,,,,,,
Kyle,Lowry,Toronto Raptors,Guard,73,196,7,,,,,,,,
Jordan,Lloyd,Toronto Raptors,Guard,76,210,8,,,,,,,,
Kalin,Lucas,Detroit Pistons,Guard,73,195,24,,,,,,,,
Timothe,Luwawu-Cabarrot,Chicago Bulls,Guard-Forward,78,210,7,,,,,,,,
Tyler,Lydon,Denver Nuggets,Forward,82,225,20,,,,,,,,
Trey,Lyles,Denver Nuggets,Forward,82,234,7,,,,,,,,
Shelvin,Mack,Charlotte Hornets,Guard,75,203,6,,,,,,,,
Daryl,Macon,Dallas Mavericks,Guard,75,185,3,,,,,,,,
JP,Macura,Charlotte Hornets,Guard,77,205,55,,,,,,,,
Ian,Mahinmi,Washington Wizards,Center,83,262,28,,,,,,,,
Thon,Maker,Detroit Pistons,Forward,85,221,7,,,,,,,,
Boban,Marjanovic,Philidelphia 76ers,Center,87,290,51,,,,,,,,
Lauri,Markkanen,Chicago Bulls,Forward,84,240,24,,,,,,,,
Jarell,Martin,Orlando Magic,Forward,82,239,2,,,,,,,,
Frank,Mason,Sacramento Kings,Guard,71,190,10,,,,,,,,
Yante,Maten,Miami Heat,Forward,80,240,0,,,,,,,,
Welsey,Matthews,Indiana Pacers,Guard-Forward,77,220,23,,,,,,,,
Patrick,McCaw,Toronto Raptors,Guard,79,185,1,,,,,,,,
CJ,McCollulm,Portland Trailblazers,Guard,75,190,3,,,,,,,,
T.J.,McConnell,Philidelphia 76ers,Guard,74,190,12,,,,,,,,
Doug,McDermott,Indiana Pacers,Forward,80,225,20,,,,,,,,
JaVale,McGee,Los Angeles Lakers,Center,84,270,7,,,,,,,,
Rodney,McGrudger,Los Angeles Clippers,Forward-Guard,76,200,19,,,,,,,,
Alfonso,McKinnie,Golden State Warriors,Forward,80,215,28,,,,,,,,
Jordan,McRae,Washington Wizards,Guard,77,179,52,,,,,,,,
Jodie,Meeks,Toronto Raptors,Guard,76,210,20,,,,,,,,
Salah,Mejri,Dallas Mavericks,Center,86,235,50,,,,,,,,
De'Anthony,Melton,Phoenix Suns,Guard,76,200,14,,,,,,,,
Chimezie,Metu,San Antonio Spurs,Forward,82,225,7,,,,,,,,
Khris,Middleton,Milwaukee Bucks,Forward,80,222,22,,,,,,,,
CJ,Miles,Memphis Grizzlies,Forward-Guard,78,220,6,,,,,,,,
Darius,Miller,New Orleans Pelicans,Forward,80,225,21,,,,,,,,
Malcolm,Miller,Toronto Raptors,Forward,79,210,13,,,,,,,,
Paul,Millsap,Denver Nuggets,Forward,80,246,4,,,,,,,,
Patty,Mills ,San Antonio Spurs,Guard,72,180,8,,,,,,,,
Shake,Milton,Philidelphia 76ers,Guard,78,207,18,,,,,,,,
Nikola,Mirotic,Milwaukee Bucks,Forward,82,250,41,,,,,,,,
Donovan,Mitchell,Utah Jazz,Guard,75,215,45,,,,,,,,
Naz,Mitrou-Long,Utah Jazz,Guard,76,218,30,,,,,,,,
Malik,Monk,Charlotte Hornets,Guard,75,200,1,,,,,,,,
Greg,Monroe,Philidelphia 76ers,Center,83,265,55,,,,,,,,
Ben,Moore,San Antonio Spurs,Forward,80,220,26,,,,,,,,
E'Twaun,Moore,New Orleans Pelicans,Guard,76,191,55,,,,,,,,
Eric,Moreland,Toronto Raptors,Forward-Center,82,238,15,,,,,,,,
Marcus,Morris,Boston Celtics,Forward,81,235,13,,,,,,,,
Markieff,Morris,Oklahoma City Thunder ,Forward,82,245,5,,,,,,,,
Monte,Morris,Denver Nuggets,Guard,75,175,11,,,,,,,,
Donatas,Motiejunas,San Antonio Spurs,Forward-Center,84,220,28,,,,,,,,
Johnathan,Motley,Los Angeles Clippers,Forward,82,230,15,,,,,,,,
Timofey,Mozgov,Orlando Magic,Center,85,275,21,,,,,,,,
Emmanual,Mudiay,New York Knicks,Guard,77,200,1,,,,,,,,
Dejounte,Murray,San Antonio Spurs,Guard,77,170,5,,,,,,,,
Jamal,Murray,Denver Nuggets,Guard,76,207,27,,,,,,,,
Dzanan,Musa,Brooklyn Nets,Guard-Forward,81,208,30,,,,,,,,
Mike,Muscala,Los Angeles Lakers,Forward-Center,83,240,31,,,,,,,,
Svi,Mykhailiuk,Detroit Pistons,Guard,80,205,19,,,,,,,,
Abdel,Nader,Oklahoma City Thunder ,Forward,78,225,11,,,,,,,,
Larry,Nance Jr.,Cleveland Cavaliers,Forward,81,230,22,,,,,,,,
Shabazz,Napier,Brooklyn Nets,Guard,73,180,13,,,,,,,,
Nene,Hilario,Houston Rockets,Center-Forward,83,250,42,,,,,,,,
Raul,Neto,Utah Jazz,Guard,73,179,25,,,,,,,,
Georges,Niang,Utah Jazz,Forward,80,230,21,,,,,,,,
Joakim,Noah,Memphis Grizzlies,Center,83,230,55,,,,,,,,
Nerlens,Noel,Oklahoma City Thunder ,Forward-Center,83,220,3,,,,,,,,
Frank,Ntilikina,New York Knicks,Guard,78,200,11,,,,,,,,
Kendrick,Nunn,Miami Heat,Guard,75,184,,,,,,,,,
Jusuf,Nurkic,Portland Trailblazers,Center,84,275,27,,,,,,,,
David,Nwaba,Cleveland Cavaliers,Guard,76,219,12,,,,,,,,
Royce,O'Neale,Utah Jazz,Forward,78,226,23,,,,,,,,
Kyle,O'Quinn,Indiana Pacers,Center,82,250,10,,,,,,,,
Semi,Ojeleye,Boston Celtics,Forward,79,241,37,,,,,,,,
Jahlil,Okafor,New Orleans Pelicans,Center,83,275,8,,,,,,,,
Elie,Okobo,Phoenix Suns,Guard,75,190,2,,,,,,,,
Josh,Okogie,Minnesota Timberwolves,Guard,76,212,20,,,,,,,,
Victor,Oladipo,Indiana Pacers,Guard,76,210,4,,,,,,,,
Kelly,Olynyk,Miami Heat,Forward,84,240,9,,,,,,,,
Cedi,Osman,Cleveland Cavaliers,Forward,80,215,16,,,,,,,,
Kelly,Oubre Jr.,Phoenix Suns,Forward,79,205,3,,,,,,,,
Zaza,Pachulia,Detroit Pistons,Center,83,270,27,,,,,,,,
Jabari,Parker,Washington Wizards,Forward,80,245,12,,,,,,,,
Chandler,Parsons,Memphis Grizzlies,Forward,82,230,25,,,,,,,,
Patrick,Patterson,Oklahoma City Thunder ,Forward,81,230,54,,,,,,,,
Chris,Paul,Houston Rockets,Guard,72,175,3,,,,,,,,
Elfrid,Payton,New Orleans Pelicans,Guard,76,185,4,,,,,,,,
Tarik,Phillip,Washington Wizards,Guard,75,195,22,,,,,,,,
Theo,Pinson,Brooklyn Nets,Guard-Forward,78,218,10,,,,,,,,
Mason,Plumlee,Denver Nuggets,Forward-Center,83,235,24,,,,,,,,
Miles,Plumlee,Atlanta Hawks ,Center,83,249,18,,,,,,,,
Jakob,Poeltl,San Antonio Spurs,Center,84,230,25,,,,,,,,
Quincy,Poindexter,San Antonio Spurs,Forward,79,230,3,,,,,,,,
Michael,Porter Jr.,Denver Nuggets,Forward,82,210,1,,,,,,,,
Otto,Porter Jr.,Chicago Bulls,Forward,80,198,22,,,,,,,,
Bobby,Portis,Washington Wizards,Forward,83,250,5,,,,,,,,
Kristaps,Porzingis,Dallas Mavericks,Forward-Center,87,240,6,,,,,,,,
Dwight,Powell,Dallas Mavericks,Forward-Center,83,240,7,,,,,,,,
Norman,Powell,Toronto Raptors,Forward-Guard,76,215,24,,,,,,,,
Alex,Poythress,Atlanta Hawks ,Forward,81,235,22,,,,,,,,
Taurean,Prince,Atlanta Hawks ,Forward,80,220,12,,,,,,,,
Ivan,Rabb,Memphis Grizzlies,Forward,82,220,10,,,,,,,,
Chasson,Randle,Washington Wizards,Guard,74,185,9,,,,,,,,
Julius,Randle,New Orleans Pelicans,Center-Forward,81,250,30,,,,,,,,
JJ,Redick,Philidelphia 76ers,Guard,76,200,17,,,,,,,,
Davon,Reed,Indiana Pacers,Guard,77,208,32,,,,,,,,
Cameron,Reynolds,Minnesota Timberwolves,Guard,80,225,13,,,,,,,,
Josh,Richardson,Miami Heat,Guard-Forward,78,200,0,,,,,,,,
Austin,Rivers,Houston Rockets,Guard,76,200,25,,,,,,,,
Andre,Roberson,Oklahoma City Thunder ,Guard-Forward,79,210,21,,,,,,,,
Glenn,Robinson III,Detroit Pistons,Guard-Forward,78,222,22,,,,,,,,
Devin,Robinson,Washington Wizards,Forward,80,200,7,,,,,,,,
Duncan,Robinson,Miami Heat,Forward,80,210,55,,,,,,,,
Jerome,Robinson,Los Angeles Clippers,Guard,77,190,10,,,,,,,,
Mitchell,Robinson,New York Knicks,Center,85,240,26,,,,,,,,
Rajon,Rondo,Los Angeles Lakers,Guard,73,186,9,,,,,,,,
Derrick,Rose,Minnesota Timberwolves,Guard,75,200,25,,,,,,,,
Terrence,Ross,Orlando Magic,Guard-Forward,79,206,31,,,,,,,,
Terry,Rozier,Boston Celtics,Guard,73,190,12,,,,,,,,
Ricky,Rubio,Utah Jazz,Guard,76,190,3,,,,,,,,
D'Angelo,Russell,Brooklyn Nets,Guard,77,198,1,,,,,,,,
Domantas,Sabonis,Indiana Pacers,Forward,83,240,11,,,,,,,,
Brandon,Sampson,Chicago Bulls,Guard,77,184,44,,,,,,,,
Dario,Saric,Minnesota Timberwolves,Forward,82,223,36,,,,,,,,
Tomas,Satoransky,Washington Wizards,Guard-Forward,79,210,31,,,,,,,,
Dennis,Schroder,Oklahoma City Thunder ,Guard,73,172,1,,,,,,,,
Mike,Scott,Philidelphia 76ers,Forward,80,237,1,,,,,,,,
Thabo,Sefolosha,Utah Jazz,Forward,79,220,22,,,,,,,,
Wayne,Selden,Chicago Bulls,Guard-Forward,77,230,14,,,,,,,,
Collin,Sexton,Cleveland Cavaliers,Guard,74,190,2,,,,,,,,
Landry,Shamet,Los Angeles Clippers,Guard,77,188,20,,,,,,,,
Iman,Shumpert,Houston Rockets,Guard,77,215,1,,,,,,,,
Pascal,Siakam,Toronto Raptors,Forward,81,230,43,,,,,,,,
Ben,Simmons,Philidelphia 76ers,Guard-Forward,82,230,25,,,,,,,,
Jonathon,Simmons,Philidelphia 76ers,Forward,78,195,14,,,,,,,,
Anfernee,Simons,Portland Trailblazers,Guard,76,185,24,,,,,,,,
Marcus,Smart,Boston Celtics,Guard,76,220,36,,,,,,,,
Dennis,Smith Jr.,New York Knicks,Guard,75,195,5,,,,,,,,
Ish,Smith ,Detroit Pistons,Guard,72,175,14,,,,,,,,
JR,Smith,Cleveland Cavaliers,Guard-Forward,78,225,5,,,,,,,,
Zhaire,Smith,Philidelphia 76ers,Guard,76,199,8,,,,,,,,
Tony,Snell,Milwaukee Bucks,Guard,79,213,21,,,,,,,,
Ray,Spalding,Phoenix Suns,Forward,82,215,26,,,,,,,,
Omari,Spellman,Atlanta Hawks ,Forward,81,245,6,,,,,,,,
Nik ,Stauskas,Cleveland Cavaliers,Guard,78,205,1,,,,,,,,
Lance,Stephenson,Los Angeles Lakers,Guard,78,230,6,,,,,,,,
Edmond,Sumner,Indiana Pacers,Guard,78,176,5,,,,,,,,
Caleb,Swanigan,Sacramento Kings,Forward,81,250,50,,,,,,,,
Jayson,Tatum,Boston Celtics,Forward,80,208,0,,,,,,,,
Jeff,Teague,Minnesota Timberwolves,Guard,74,195,0,,,,,,,,
Garrett,Temple,Los Angeles Clippers,Guard-Forward,78,195,17,,,,,,,,
Jared,Terrell,Minnesota Timberwolves,Guard,75,227,3,,,,,,,,
Daniel,Theis,Boston Celtics,Forward,80,243,27,,,,,,,,
Isaiah,Thomas,Denver Nuggets,Guard,69,185,0,,,,,,,,
Khyri,Thomas,Detroit Pistons,Guard,75,210,13,,,,,,,,
Lance,Thomas,New York Knicks,Forward,80,240,42,,,,,,,,
Klay,Thompson,Golden State Warriors,Guard,79,215,11,,,,,,,,
Tristan,Thompson,Cleveland Cavaliers,Center-Forward,82,238,13,,,,,,,,
Sindarius,Thornwell,Los Angeles Clippers,Guard,77,215,0,,,,,,,,
Anthony,Tolliver,Minnesota Timberwolves,Forward,80,250,43,,,,,,,,
Karl-Anthony,Towns,Minnesota Timberwolves,Center,84,248,32,,,,,,,,
Gary,Trent Jr.,Portland Trailblazers,Guard,78,205,9,,,,,,,,
Allonzo,Trier,New York Knicks,Guard,77,200,14,,,,,,,,
PJ,Tucker,Houston Rockets,Forward,78,245,17,,,,,,,,
Evan,Turner,Portland Trailblazers,Guard-Forward,79,220,1,,,,,,,,
Myles,Turner,Indiana Pacers,Center-Forward,83,250,33,,,,,,,,
Ekpe,Udoh,Utah Jazz,Center-Forward,82,245,33,,,,,,,,
Jonas,Valanciunas,Memphis Grizzlies,Center,84,265,17,,,,,,,,
Denzel,Valentine,Chicago Bulls,Guard,78,210,45,,,,,,,,
Jarred,Vanderbilt,Denver Nuggets,Forward,81,214,8,,,,,,,,
Fred,VanVleet,Toronto Raptors,Guard,72,195,23,,,,,,,,
Noah,Vonleh,New York Knicks,Forward,81,250,32,,,,,,,,
Nikola,Vucevic,Orlando Magic,Center,84,260,9,,,,,,,,
Moritz,Wagner,Los Angeles Lakers,Center,83,245,15,,,,,,,,
Dion,Waiters,Miami Heat,Guard,76,215,11,,,,,,,,
Lonnie,Walker IV,San Antonio Spurs,Guard,77,205,1,,,,,,,,
Kemba,Walker  ,Charlotte Hornets,Guard,73,184,15,,,,,,,,
Tyrone,Wallace,Los Angeles Clippers,Guard,77,198,9,,,,,,,,
John,Wall ,Washington Wizards,Guard,76,210,2,,,,,,,,
Brad,Wanamaker,Boston Celtics,Guard,76,210,9,,,,,,,,
T.J.,Warren,Phoenix Suns,Forward,80,215,12,,,,,,,,
Julian,Washburn,Memphis Grizzlies,Forward-Guard,80,209,4,,,,,,,,
Yuta,Watanabe,Memphis Grizzlies,Guard,81,205,12,,,,,,,,
Thomas,Welsh,Denver Nuggets,Center,84,255,45,,,,,,,,
Russell,Westbrook,Oklahoma City Thunder ,Guard,75,200,0,,,,,,,,
Derrick,White,San Antonio Spurs,Guard,76,190,4,,,,,,,,
Isaiah,Whitehead,Detroit Pistons,Guard,76,213,12,,,,,,,,
Hassan,Whiteside,Miami Heat,Center,84,265,21,,,,,,,,
Andrew,Wiggins,Minnesota Timberwolves,Forward-Guard,80,194,22,,,,,,,,
Robert,Williams III,Boston Celtics,Center-Forward,82,240,44,,,,,,,,
Alan,Williams  ,Brooklyn Nets,Forward-Center,80,265,15,,,,,,,,
C.J.,Williams,Minnesota Timberwolves,Guard,77,226,12,,,,,,,,
Johnathan,Williams,Los Angeles Lakers,Forward,81,228,19,,,,,,,,
Kenrich,Williams,New Orleans Pelicans,Guard-Forward,79,210,34,,,,,,,,
Lou,Williams,Los Angeles Clippers,Guard,73,175,23,,,,,,,,
Marvin,Williams,Charlotte Hornets,Forward,81,237,2,,,,,,,,
Troy,Williams,Sacramento Kings,Forward,79,218,19,,,,,,,,
D.J.,Wilson,Milwaukee Bucks,Forward,82,231,5,,,,,,,,
Justice,Winslow,Miami Heat,Forward-Guard,79,225,20,,,,,,,,
Christian,Wood,New Orleans Pelicans,Forward,82,214,35,,,,,,,,
Delon,Wright,Memphis Grizzlies,Guard,77,183,2,,,,,,,,
Guerschon,Yabusele,Boston Celtics,Forward,80,260,30,,,,,,,,
Thaddeus,Young,Indiana Pacers,Forward,80,221,21,,,,,,,,
Trae,Young,Atlanta Hawks ,Guard,74,180,11,,,,,,,,
Cody,Zeller,Charlotte Hornets,Center,84,240,40,,,,,,,,
Tyler,Zeller,Memphis Grizzlies,Center,84,253,45,,,,,,,,
Ante,Zizic,Cleveland Cavaliers,Center,83,254,41,,,,,,,,
Ivica,Zubac,Los Angeles Clippers,Center,85,240,40,,,,,,,,